seed,original_success,flipped_success,same_navigation,opposite_choice
201000,True,True,True,True
201001,True,True,True,True
201002,True,True,True,True
201003,True,True,True,True
201004,True,True,True,True
201005,True,True,True,True
201006,True,True,True,True
201007,True,True,True,True
201008,True,True,True,True
201009,True,True,True,True
201010,True,True,True,True
201011,True,True,True,True
201012,True,True,True,True
201013,True,True,True,True
201014,True,True,True,True
201015,True,True,True,True
201016,True,True,True,True
201017,True,True,True,True
201018,True,True,True,True
201019,True,True,True,True
201020,True,True,True,True
201021,True,True,True,True
201022,True,True,True,True
201023,True,True,True,True
201024,True,True,True,True
201025,True,True,True,True
201026,True,True,True,True
201027,True,True,True,True
201028,True,True,True,True
201029,True,True,True,True
