kind,strength,seed,at_step,control_success,treatment_success,control_steps,treatment_steps
reset,0.25,200000,8,True,True,34,34
reset,0.25,200001,8,True,False,34,34
reset,0.25,200002,8,True,True,34,34
reset,0.25,200003,8,True,False,34,34
reset,0.25,200004,8,True,False,34,34
reset,0.25,200005,8,True,True,34,34
reset,0.25,200006,8,True,False,34,34
reset,0.25,200007,8,True,False,34,34
reset,0.25,200008,8,True,True,34,34
reset,0.25,200009,8,True,False,34,34
reset,0.25,200010,8,True,True,34,34
reset,0.25,200011,8,True,False,34,34
reset,0.25,200012,8,True,True,34,34
reset,0.25,200013,8,True,True,34,34
reset,0.25,200014,8,True,True,34,34
reset,0.25,200015,8,True,False,34,34
reset,0.25,200016,8,True,True,34,34
reset,0.25,200017,8,True,True,34,34
reset,0.25,200018,8,True,True,34,34
reset,0.25,200019,8,True,False,34,34
reset,0.25,200020,8,True,True,34,34
reset,0.25,200021,8,True,False,34,34
reset,0.25,200022,8,True,False,34,34
reset,0.25,200023,8,True,False,34,34
reset,0.25,200024,8,True,True,34,34
reset,0.25,200025,8,True,False,34,34
reset,0.25,200026,8,True,True,34,34
reset,0.25,200027,8,True,False,34,34
reset,0.25,200028,8,True,False,34,34
reset,0.25,200029,8,True,False,34,34
reset,0.25,200030,8,True,False,34,34
reset,0.25,200031,8,True,True,34,34
reset,0.25,200032,8,True,True,34,34
reset,0.25,200033,8,True,True,34,34
reset,0.25,200034,8,True,False,34,34
reset,0.25,200035,8,True,False,34,34
reset,0.25,200036,8,True,False,34,34
reset,0.25,200037,8,True,False,34,34
reset,0.25,200038,8,True,False,34,34
reset,0.25,200039,8,True,True,34,34
reset,0.25,200040,8,True,False,34,34
reset,0.25,200041,8,True,True,34,34
reset,0.25,200042,8,True,True,34,34
reset,0.25,200043,8,True,False,34,34
reset,0.25,200044,8,True,False,34,34
reset,0.25,200045,8,True,True,34,34
reset,0.25,200046,8,True,True,34,34
reset,0.25,200047,8,True,False,34,34
reset,0.25,200048,8,True,False,34,34
reset,0.25,200049,8,True,False,34,34
reset,0.25,200050,8,True,False,34,34
reset,0.25,200051,8,True,True,34,34
reset,0.25,200052,8,True,False,34,34
reset,0.25,200053,8,True,False,34,34
reset,0.25,200054,8,True,False,34,34
reset,0.25,200055,8,True,True,34,34
reset,0.25,200056,8,True,True,34,34
reset,0.25,200057,8,True,False,34,34
reset,0.25,200058,8,True,False,34,34
reset,0.25,200059,8,True,True,34,34
reset,0.25,200060,8,True,True,34,34
reset,0.25,200061,8,True,False,34,34
reset,0.25,200062,8,True,True,34,34
reset,0.25,200063,8,True,False,34,34
reset,0.25,200064,8,True,False,34,34
reset,0.25,200065,8,True,False,34,34
reset,0.25,200066,8,True,False,34,34
reset,0.25,200067,8,True,False,34,34
reset,0.25,200068,8,True,True,34,34
reset,0.25,200069,8,True,False,34,34
reset,0.25,200070,8,True,False,34,34
reset,0.25,200071,8,True,False,34,34
reset,0.25,200072,8,True,True,34,34
reset,0.25,200073,8,True,True,34,34
reset,0.25,200074,8,True,True,34,34
reset,0.25,200075,8,True,True,34,34
reset,0.25,200076,8,True,False,34,34
reset,0.25,200077,8,True,True,34,34
reset,0.25,200078,8,True,True,34,34
reset,0.25,200079,8,True,False,34,34
reset,0.25,200080,8,True,True,34,34
reset,0.25,200081,8,True,False,34,34
reset,0.25,200082,8,True,False,34,34
reset,0.25,200083,8,True,True,34,34
reset,0.25,200084,8,True,True,34,34
reset,0.25,200085,8,True,False,34,34
reset,0.25,200086,8,True,False,34,34
reset,0.25,200087,8,True,False,34,34
reset,0.25,200088,8,True,False,34,34
reset,0.25,200089,8,True,True,34,34
reset,0.25,200090,8,True,False,34,34
reset,0.25,200091,8,True,True,34,34
reset,0.25,200092,8,True,False,34,34
reset,0.25,200093,8,True,False,34,34
reset,0.25,200094,8,True,True,34,34
reset,0.25,200095,8,True,True,34,34
reset,0.25,200096,8,True,True,34,34
reset,0.25,200097,8,True,False,34,34
reset,0.25,200098,8,True,False,34,34
reset,0.25,200099,8,True,False,34,34
reset,0.5,200000,17,True,True,34,34
reset,0.5,200001,17,True,False,34,34
reset,0.5,200002,17,True,True,34,34
reset,0.5,200003,17,True,False,34,34
reset,0.5,200004,17,True,False,34,34
reset,0.5,200005,17,True,True,34,34
reset,0.5,200006,17,True,False,34,34
reset,0.5,200007,17,True,False,34,34
reset,0.5,200008,17,True,True,34,34
reset,0.5,200009,17,True,False,34,34
reset,0.5,200010,17,True,True,34,34
reset,0.5,200011,17,True,False,34,34
reset,0.5,200012,17,True,True,34,34
reset,0.5,200013,17,True,True,34,34
reset,0.5,200014,17,True,True,34,34
reset,0.5,200015,17,True,False,34,34
reset,0.5,200016,17,True,True,34,34
reset,0.5,200017,17,True,True,34,34
reset,0.5,200018,17,True,True,34,34
reset,0.5,200019,17,True,False,34,34
reset,0.5,200020,17,True,True,34,34
reset,0.5,200021,17,True,False,34,34
reset,0.5,200022,17,True,False,34,34
reset,0.5,200023,17,True,False,34,34
reset,0.5,200024,17,True,True,34,34
reset,0.5,200025,17,True,False,34,34
reset,0.5,200026,17,True,True,34,34
reset,0.5,200027,17,True,False,34,34
reset,0.5,200028,17,True,False,34,34
reset,0.5,200029,17,True,False,34,34
reset,0.5,200030,17,True,False,34,34
reset,0.5,200031,17,True,True,34,34
reset,0.5,200032,17,True,True,34,34
reset,0.5,200033,17,True,True,34,34
reset,0.5,200034,17,True,False,34,34
reset,0.5,200035,17,True,False,34,34
reset,0.5,200036,17,True,False,34,34
reset,0.5,200037,17,True,False,34,34
reset,0.5,200038,17,True,False,34,34
reset,0.5,200039,17,True,True,34,34
reset,0.5,200040,17,True,False,34,34
reset,0.5,200041,17,True,True,34,34
reset,0.5,200042,17,True,True,34,34
reset,0.5,200043,17,True,False,34,34
reset,0.5,200044,17,True,False,34,34
reset,0.5,200045,17,True,True,34,34
reset,0.5,200046,17,True,True,34,34
reset,0.5,200047,17,True,False,34,34
reset,0.5,200048,17,True,False,34,34
reset,0.5,200049,17,True,False,34,34
reset,0.5,200050,17,True,False,34,34
reset,0.5,200051,17,True,True,34,34
reset,0.5,200052,17,True,False,34,34
reset,0.5,200053,17,True,False,34,34
reset,0.5,200054,17,True,False,34,34
reset,0.5,200055,17,True,True,34,34
reset,0.5,200056,17,True,True,34,34
reset,0.5,200057,17,True,False,34,34
reset,0.5,200058,17,True,False,34,34
reset,0.5,200059,17,True,True,34,34
reset,0.5,200060,17,True,True,34,34
reset,0.5,200061,17,True,False,34,34
reset,0.5,200062,17,True,True,34,34
reset,0.5,200063,17,True,False,34,34
reset,0.5,200064,17,True,False,34,34
reset,0.5,200065,17,True,False,34,34
reset,0.5,200066,17,True,False,34,34
reset,0.5,200067,17,True,False,34,34
reset,0.5,200068,17,True,True,34,34
reset,0.5,200069,17,True,False,34,34
reset,0.5,200070,17,True,False,34,34
reset,0.5,200071,17,True,False,34,34
reset,0.5,200072,17,True,True,34,34
reset,0.5,200073,17,True,True,34,34
reset,0.5,200074,17,True,True,34,34
reset,0.5,200075,17,True,True,34,34
reset,0.5,200076,17,True,False,34,34
reset,0.5,200077,17,True,True,34,34
reset,0.5,200078,17,True,True,34,34
reset,0.5,200079,17,True,False,34,34
reset,0.5,200080,17,True,True,34,34
reset,0.5,200081,17,True,False,34,34
reset,0.5,200082,17,True,False,34,34
reset,0.5,200083,17,True,True,34,34
reset,0.5,200084,17,True,True,34,34
reset,0.5,200085,17,True,False,34,34
reset,0.5,200086,17,True,False,34,34
reset,0.5,200087,17,True,False,34,34
reset,0.5,200088,17,True,False,34,34
reset,0.5,200089,17,True,True,34,34
reset,0.5,200090,17,True,False,34,34
reset,0.5,200091,17,True,True,34,34
reset,0.5,200092,17,True,False,34,34
reset,0.5,200093,17,True,False,34,34
reset,0.5,200094,17,True,True,34,34
reset,0.5,200095,17,True,True,34,34
reset,0.5,200096,17,True,True,34,34
reset,0.5,200097,17,True,False,34,34
reset,0.5,200098,17,True,False,34,34
reset,0.5,200099,17,True,False,34,34
reset,0.75,200000,25,True,True,34,34
reset,0.75,200001,25,True,False,34,34
reset,0.75,200002,25,True,True,34,34
reset,0.75,200003,25,True,False,34,34
reset,0.75,200004,25,True,False,34,34
reset,0.75,200005,25,True,True,34,34
reset,0.75,200006,25,True,False,34,34
reset,0.75,200007,25,True,False,34,34
reset,0.75,200008,25,True,True,34,34
reset,0.75,200009,25,True,False,34,34
reset,0.75,200010,25,True,True,34,34
reset,0.75,200011,25,True,False,34,34
reset,0.75,200012,25,True,True,34,34
reset,0.75,200013,25,True,True,34,34
reset,0.75,200014,25,True,True,34,34
reset,0.75,200015,25,True,False,34,34
reset,0.75,200016,25,True,True,34,34
reset,0.75,200017,25,True,True,34,34
reset,0.75,200018,25,True,True,34,34
reset,0.75,200019,25,True,False,34,34
reset,0.75,200020,25,True,True,34,34
reset,0.75,200021,25,True,False,34,34
reset,0.75,200022,25,True,False,34,34
reset,0.75,200023,25,True,False,34,34
reset,0.75,200024,25,True,True,34,34
reset,0.75,200025,25,True,False,34,34
reset,0.75,200026,25,True,True,34,34
reset,0.75,200027,25,True,False,34,34
reset,0.75,200028,25,True,False,34,34
reset,0.75,200029,25,True,False,34,34
reset,0.75,200030,25,True,False,34,34
reset,0.75,200031,25,True,True,34,34
reset,0.75,200032,25,True,True,34,34
reset,0.75,200033,25,True,True,34,34
reset,0.75,200034,25,True,False,34,34
reset,0.75,200035,25,True,False,34,34
reset,0.75,200036,25,True,False,34,34
reset,0.75,200037,25,True,False,34,34
reset,0.75,200038,25,True,False,34,34
reset,0.75,200039,25,True,True,34,34
reset,0.75,200040,25,True,False,34,34
reset,0.75,200041,25,True,True,34,34
reset,0.75,200042,25,True,True,34,34
reset,0.75,200043,25,True,False,34,34
reset,0.75,200044,25,True,False,34,34
reset,0.75,200045,25,True,True,34,34
reset,0.75,200046,25,True,True,34,34
reset,0.75,200047,25,True,False,34,34
reset,0.75,200048,25,True,False,34,34
reset,0.75,200049,25,True,False,34,34
reset,0.75,200050,25,True,False,34,34
reset,0.75,200051,25,True,True,34,34
reset,0.75,200052,25,True,False,34,34
reset,0.75,200053,25,True,False,34,34
reset,0.75,200054,25,True,False,34,34
reset,0.75,200055,25,True,True,34,34
reset,0.75,200056,25,True,True,34,34
reset,0.75,200057,25,True,False,34,34
reset,0.75,200058,25,True,False,34,34
reset,0.75,200059,25,True,True,34,34
reset,0.75,200060,25,True,True,34,34
reset,0.75,200061,25,True,False,34,34
reset,0.75,200062,25,True,True,34,34
reset,0.75,200063,25,True,False,34,34
reset,0.75,200064,25,True,False,34,34
reset,0.75,200065,25,True,False,34,34
reset,0.75,200066,25,True,False,34,34
reset,0.75,200067,25,True,False,34,34
reset,0.75,200068,25,True,True,34,34
reset,0.75,200069,25,True,False,34,34
reset,0.75,200070,25,True,False,34,34
reset,0.75,200071,25,True,False,34,34
reset,0.75,200072,25,True,True,34,34
reset,0.75,200073,25,True,True,34,34
reset,0.75,200074,25,True,True,34,34
reset,0.75,200075,25,True,True,34,34
reset,0.75,200076,25,True,False,34,34
reset,0.75,200077,25,True,True,34,34
reset,0.75,200078,25,True,True,34,34
reset,0.75,200079,25,True,False,34,34
reset,0.75,200080,25,True,True,34,34
reset,0.75,200081,25,True,False,34,34
reset,0.75,200082,25,True,False,34,34
reset,0.75,200083,25,True,True,34,34
reset,0.75,200084,25,True,True,34,34
reset,0.75,200085,25,True,False,34,34
reset,0.75,200086,25,True,False,34,34
reset,0.75,200087,25,True,False,34,34
reset,0.75,200088,25,True,False,34,34
reset,0.75,200089,25,True,True,34,34
reset,0.75,200090,25,True,False,34,34
reset,0.75,200091,25,True,True,34,34
reset,0.75,200092,25,True,False,34,34
reset,0.75,200093,25,True,False,34,34
reset,0.75,200094,25,True,True,34,34
reset,0.75,200095,25,True,True,34,34
reset,0.75,200096,25,True,True,34,34
reset,0.75,200097,25,True,False,34,34
reset,0.75,200098,25,True,False,34,34
reset,0.75,200099,25,True,False,34,34
noise,0.0,200000,17,True,True,34,34
noise,0.0,200001,17,True,True,34,34
noise,0.0,200002,17,True,True,34,34
noise,0.0,200003,17,True,True,34,34
noise,0.0,200004,17,True,True,34,34
noise,0.0,200005,17,True,True,34,34
noise,0.0,200006,17,True,True,34,34
noise,0.0,200007,17,True,True,34,34
noise,0.0,200008,17,True,True,34,34
noise,0.0,200009,17,True,True,34,34
noise,0.0,200010,17,True,True,34,34
noise,0.0,200011,17,True,True,34,34
noise,0.0,200012,17,True,True,34,34
noise,0.0,200013,17,True,True,34,34
noise,0.0,200014,17,True,True,34,34
noise,0.0,200015,17,True,True,34,34
noise,0.0,200016,17,True,True,34,34
noise,0.0,200017,17,True,True,34,34
noise,0.0,200018,17,True,True,34,34
noise,0.0,200019,17,True,True,34,34
noise,0.0,200020,17,True,True,34,34
noise,0.0,200021,17,True,True,34,34
noise,0.0,200022,17,True,True,34,34
noise,0.0,200023,17,True,True,34,34
noise,0.0,200024,17,True,True,34,34
noise,0.0,200025,17,True,True,34,34
noise,0.0,200026,17,True,True,34,34
noise,0.0,200027,17,True,True,34,34
noise,0.0,200028,17,True,True,34,34
noise,0.0,200029,17,True,True,34,34
noise,0.0,200030,17,True,True,34,34
noise,0.0,200031,17,True,True,34,34
noise,0.0,200032,17,True,True,34,34
noise,0.0,200033,17,True,True,34,34
noise,0.0,200034,17,True,True,34,34
noise,0.0,200035,17,True,True,34,34
noise,0.0,200036,17,True,True,34,34
noise,0.0,200037,17,True,True,34,34
noise,0.0,200038,17,True,True,34,34
noise,0.0,200039,17,True,True,34,34
noise,0.0,200040,17,True,True,34,34
noise,0.0,200041,17,True,True,34,34
noise,0.0,200042,17,True,True,34,34
noise,0.0,200043,17,True,True,34,34
noise,0.0,200044,17,True,True,34,34
noise,0.0,200045,17,True,True,34,34
noise,0.0,200046,17,True,True,34,34
noise,0.0,200047,17,True,True,34,34
noise,0.0,200048,17,True,True,34,34
noise,0.0,200049,17,True,True,34,34
noise,0.0,200050,17,True,True,34,34
noise,0.0,200051,17,True,True,34,34
noise,0.0,200052,17,True,True,34,34
noise,0.0,200053,17,True,True,34,34
noise,0.0,200054,17,True,True,34,34
noise,0.0,200055,17,True,True,34,34
noise,0.0,200056,17,True,True,34,34
noise,0.0,200057,17,True,True,34,34
noise,0.0,200058,17,True,True,34,34
noise,0.0,200059,17,True,True,34,34
noise,0.0,200060,17,True,True,34,34
noise,0.0,200061,17,True,True,34,34
noise,0.0,200062,17,True,True,34,34
noise,0.0,200063,17,True,True,34,34
noise,0.0,200064,17,True,True,34,34
noise,0.0,200065,17,True,True,34,34
noise,0.0,200066,17,True,True,34,34
noise,0.0,200067,17,True,True,34,34
noise,0.0,200068,17,True,True,34,34
noise,0.0,200069,17,True,True,34,34
noise,0.0,200070,17,True,True,34,34
noise,0.0,200071,17,True,True,34,34
noise,0.0,200072,17,True,True,34,34
noise,0.0,200073,17,True,True,34,34
noise,0.0,200074,17,True,True,34,34
noise,0.0,200075,17,True,True,34,34
noise,0.0,200076,17,True,True,34,34
noise,0.0,200077,17,True,True,34,34
noise,0.0,200078,17,True,True,34,34
noise,0.0,200079,17,True,True,34,34
noise,0.0,200080,17,True,True,34,34
noise,0.0,200081,17,True,True,34,34
noise,0.0,200082,17,True,True,34,34
noise,0.0,200083,17,True,True,34,34
noise,0.0,200084,17,True,True,34,34
noise,0.0,200085,17,True,True,34,34
noise,0.0,200086,17,True,True,34,34
noise,0.0,200087,17,True,True,34,34
noise,0.0,200088,17,True,True,34,34
noise,0.0,200089,17,True,True,34,34
noise,0.0,200090,17,True,True,34,34
noise,0.0,200091,17,True,True,34,34
noise,0.0,200092,17,True,True,34,34
noise,0.0,200093,17,True,True,34,34
noise,0.0,200094,17,True,True,34,34
noise,0.0,200095,17,True,True,34,34
noise,0.0,200096,17,True,True,34,34
noise,0.0,200097,17,True,True,34,34
noise,0.0,200098,17,True,True,34,34
noise,0.0,200099,17,True,True,34,34
noise,0.1,200000,17,True,True,34,34
noise,0.1,200001,17,True,True,34,34
noise,0.1,200002,17,True,True,34,34
noise,0.1,200003,17,True,True,34,34
noise,0.1,200004,17,True,True,34,34
noise,0.1,200005,17,True,True,34,34
noise,0.1,200006,17,True,True,34,34
noise,0.1,200007,17,True,True,34,34
noise,0.1,200008,17,True,True,34,34
noise,0.1,200009,17,True,True,34,34
noise,0.1,200010,17,True,True,34,34
noise,0.1,200011,17,True,True,34,34
noise,0.1,200012,17,True,True,34,34
noise,0.1,200013,17,True,True,34,34
noise,0.1,200014,17,True,True,34,34
noise,0.1,200015,17,True,True,34,34
noise,0.1,200016,17,True,True,34,34
noise,0.1,200017,17,True,True,34,34
noise,0.1,200018,17,True,True,34,34
noise,0.1,200019,17,True,True,34,34
noise,0.1,200020,17,True,True,34,34
noise,0.1,200021,17,True,True,34,34
noise,0.1,200022,17,True,True,34,34
noise,0.1,200023,17,True,True,34,34
noise,0.1,200024,17,True,True,34,34
noise,0.1,200025,17,True,True,34,34
noise,0.1,200026,17,True,True,34,34
noise,0.1,200027,17,True,True,34,34
noise,0.1,200028,17,True,True,34,34
noise,0.1,200029,17,True,True,34,34
noise,0.1,200030,17,True,True,34,34
noise,0.1,200031,17,True,True,34,34
noise,0.1,200032,17,True,True,34,34
noise,0.1,200033,17,True,True,34,34
noise,0.1,200034,17,True,True,34,34
noise,0.1,200035,17,True,True,34,34
noise,0.1,200036,17,True,True,34,34
noise,0.1,200037,17,True,True,34,34
noise,0.1,200038,17,True,True,34,34
noise,0.1,200039,17,True,True,34,34
noise,0.1,200040,17,True,True,34,34
noise,0.1,200041,17,True,True,34,34
noise,0.1,200042,17,True,True,34,34
noise,0.1,200043,17,True,True,34,34
noise,0.1,200044,17,True,True,34,34
noise,0.1,200045,17,True,True,34,34
noise,0.1,200046,17,True,True,34,34
noise,0.1,200047,17,True,True,34,34
noise,0.1,200048,17,True,True,34,34
noise,0.1,200049,17,True,True,34,34
noise,0.1,200050,17,True,True,34,34
noise,0.1,200051,17,True,True,34,34
noise,0.1,200052,17,True,True,34,34
noise,0.1,200053,17,True,True,34,34
noise,0.1,200054,17,True,True,34,34
noise,0.1,200055,17,True,True,34,34
noise,0.1,200056,17,True,True,34,34
noise,0.1,200057,17,True,True,34,34
noise,0.1,200058,17,True,True,34,34
noise,0.1,200059,17,True,True,34,34
noise,0.1,200060,17,True,True,34,34
noise,0.1,200061,17,True,True,34,34
noise,0.1,200062,17,True,True,34,34
noise,0.1,200063,17,True,True,34,34
noise,0.1,200064,17,True,True,34,34
noise,0.1,200065,17,True,True,34,34
noise,0.1,200066,17,True,True,34,34
noise,0.1,200067,17,True,True,34,34
noise,0.1,200068,17,True,True,34,34
noise,0.1,200069,17,True,True,34,34
noise,0.1,200070,17,True,True,34,34
noise,0.1,200071,17,True,True,34,34
noise,0.1,200072,17,True,True,34,34
noise,0.1,200073,17,True,True,34,34
noise,0.1,200074,17,True,True,34,34
noise,0.1,200075,17,True,True,34,34
noise,0.1,200076,17,True,True,34,34
noise,0.1,200077,17,True,True,34,34
noise,0.1,200078,17,True,True,34,34
noise,0.1,200079,17,True,True,34,34
noise,0.1,200080,17,True,True,34,34
noise,0.1,200081,17,True,True,34,34
noise,0.1,200082,17,True,True,34,34
noise,0.1,200083,17,True,True,34,34
noise,0.1,200084,17,True,True,34,34
noise,0.1,200085,17,True,True,34,34
noise,0.1,200086,17,True,True,34,34
noise,0.1,200087,17,True,True,34,34
noise,0.1,200088,17,True,True,34,34
noise,0.1,200089,17,True,True,34,34
noise,0.1,200090,17,True,True,34,34
noise,0.1,200091,17,True,True,34,34
noise,0.1,200092,17,True,True,34,34
noise,0.1,200093,17,True,True,34,34
noise,0.1,200094,17,True,True,34,34
noise,0.1,200095,17,True,True,34,34
noise,0.1,200096,17,True,True,34,34
noise,0.1,200097,17,True,True,34,34
noise,0.1,200098,17,True,True,34,34
noise,0.1,200099,17,True,True,34,34
noise,0.5,200000,17,True,True,34,34
noise,0.5,200001,17,True,True,34,34
noise,0.5,200002,17,True,True,34,34
noise,0.5,200003,17,True,True,34,34
noise,0.5,200004,17,True,True,34,34
noise,0.5,200005,17,True,True,34,34
noise,0.5,200006,17,True,True,34,34
noise,0.5,200007,17,True,True,34,34
noise,0.5,200008,17,True,True,34,34
noise,0.5,200009,17,True,True,34,34
noise,0.5,200010,17,True,True,34,34
noise,0.5,200011,17,True,True,34,34
noise,0.5,200012,17,True,True,34,34
noise,0.5,200013,17,True,True,34,34
noise,0.5,200014,17,True,True,34,34
noise,0.5,200015,17,True,True,34,34
noise,0.5,200016,17,True,True,34,34
noise,0.5,200017,17,True,True,34,34
noise,0.5,200018,17,True,True,34,34
noise,0.5,200019,17,True,True,34,34
noise,0.5,200020,17,True,True,34,34
noise,0.5,200021,17,True,True,34,34
noise,0.5,200022,17,True,True,34,34
noise,0.5,200023,17,True,True,34,34
noise,0.5,200024,17,True,True,34,34
noise,0.5,200025,17,True,True,34,34
noise,0.5,200026,17,True,True,34,34
noise,0.5,200027,17,True,True,34,34
noise,0.5,200028,17,True,True,34,34
noise,0.5,200029,17,True,True,34,34
noise,0.5,200030,17,True,True,34,34
noise,0.5,200031,17,True,True,34,34
noise,0.5,200032,17,True,True,34,34
noise,0.5,200033,17,True,True,34,34
noise,0.5,200034,17,True,True,34,34
noise,0.5,200035,17,True,True,34,34
noise,0.5,200036,17,True,True,34,34
noise,0.5,200037,17,True,True,34,34
noise,0.5,200038,17,True,True,34,34
noise,0.5,200039,17,True,True,34,34
noise,0.5,200040,17,True,True,34,34
noise,0.5,200041,17,True,True,34,34
noise,0.5,200042,17,True,True,34,34
noise,0.5,200043,17,True,True,34,34
noise,0.5,200044,17,True,True,34,34
noise,0.5,200045,17,True,True,34,34
noise,0.5,200046,17,True,True,34,34
noise,0.5,200047,17,True,True,34,34
noise,0.5,200048,17,True,True,34,34
noise,0.5,200049,17,True,True,34,34
noise,0.5,200050,17,True,True,34,34
noise,0.5,200051,17,True,True,34,34
noise,0.5,200052,17,True,True,34,34
noise,0.5,200053,17,True,True,34,34
noise,0.5,200054,17,True,True,34,34
noise,0.5,200055,17,True,True,34,34
noise,0.5,200056,17,True,True,34,34
noise,0.5,200057,17,True,True,34,34
noise,0.5,200058,17,True,True,34,34
noise,0.5,200059,17,True,True,34,34
noise,0.5,200060,17,True,True,34,34
noise,0.5,200061,17,True,True,34,34
noise,0.5,200062,17,True,True,34,34
noise,0.5,200063,17,True,True,34,34
noise,0.5,200064,17,True,True,34,34
noise,0.5,200065,17,True,True,34,34
noise,0.5,200066,17,True,True,34,34
noise,0.5,200067,17,True,True,34,34
noise,0.5,200068,17,True,True,34,34
noise,0.5,200069,17,True,True,34,34
noise,0.5,200070,17,True,True,34,34
noise,0.5,200071,17,True,False,34,34
noise,0.5,200072,17,True,True,34,34
noise,0.5,200073,17,True,True,34,34
noise,0.5,200074,17,True,True,34,34
noise,0.5,200075,17,True,True,34,34
noise,0.5,200076,17,True,True,34,34
noise,0.5,200077,17,True,True,34,34
noise,0.5,200078,17,True,True,34,34
noise,0.5,200079,17,True,True,34,34
noise,0.5,200080,17,True,True,34,34
noise,0.5,200081,17,True,True,34,34
noise,0.5,200082,17,True,True,34,34
noise,0.5,200083,17,True,True,34,34
noise,0.5,200084,17,True,True,34,34
noise,0.5,200085,17,True,True,34,34
noise,0.5,200086,17,True,True,34,34
noise,0.5,200087,17,True,True,34,34
noise,0.5,200088,17,True,True,34,34
noise,0.5,200089,17,True,True,34,34
noise,0.5,200090,17,True,True,34,34
noise,0.5,200091,17,True,True,34,34
noise,0.5,200092,17,True,True,34,34
noise,0.5,200093,17,True,True,34,34
noise,0.5,200094,17,True,True,34,34
noise,0.5,200095,17,True,True,34,34
noise,0.5,200096,17,True,False,34,34
noise,0.5,200097,17,True,True,34,34
noise,0.5,200098,17,True,True,34,34
noise,0.5,200099,17,True,True,34,34
noise,1.0,200000,17,True,True,34,34
noise,1.0,200001,17,True,False,34,34
noise,1.0,200002,17,True,True,34,34
noise,1.0,200003,17,True,True,34,34
noise,1.0,200004,17,True,True,34,34
noise,1.0,200005,17,True,True,34,34
noise,1.0,200006,17,True,True,34,34
noise,1.0,200007,17,True,True,34,34
noise,1.0,200008,17,True,True,34,34
noise,1.0,200009,17,True,True,34,34
noise,1.0,200010,17,True,True,34,34
noise,1.0,200011,17,True,True,34,34
noise,1.0,200012,17,True,True,34,34
noise,1.0,200013,17,True,False,34,34
noise,1.0,200014,17,True,True,34,34
noise,1.0,200015,17,True,True,34,34
noise,1.0,200016,17,True,True,34,34
noise,1.0,200017,17,True,True,34,34
noise,1.0,200018,17,True,True,34,34
noise,1.0,200019,17,True,False,34,34
noise,1.0,200020,17,True,True,34,34
noise,1.0,200021,17,True,False,34,34
noise,1.0,200022,17,True,True,34,34
noise,1.0,200023,17,True,True,34,34
noise,1.0,200024,17,True,True,34,34
noise,1.0,200025,17,True,True,34,34
noise,1.0,200026,17,True,True,34,34
noise,1.0,200027,17,True,True,34,34
noise,1.0,200028,17,True,False,34,34
noise,1.0,200029,17,True,True,34,34
noise,1.0,200030,17,True,False,34,34
noise,1.0,200031,17,True,True,34,34
noise,1.0,200032,17,True,True,34,34
noise,1.0,200033,17,True,True,34,34
noise,1.0,200034,17,True,True,34,34
noise,1.0,200035,17,True,True,34,34
noise,1.0,200036,17,True,True,34,34
noise,1.0,200037,17,True,True,34,34
noise,1.0,200038,17,True,True,34,34
noise,1.0,200039,17,True,False,34,34
noise,1.0,200040,17,True,True,34,34
noise,1.0,200041,17,True,True,34,34
noise,1.0,200042,17,True,True,34,34
noise,1.0,200043,17,True,True,34,34
noise,1.0,200044,17,True,True,34,34
noise,1.0,200045,17,True,True,34,34
noise,1.0,200046,17,True,False,34,34
noise,1.0,200047,17,True,True,34,34
noise,1.0,200048,17,True,True,34,34
noise,1.0,200049,17,True,True,34,34
noise,1.0,200050,17,True,True,34,34
noise,1.0,200051,17,True,True,34,34
noise,1.0,200052,17,True,True,34,34
noise,1.0,200053,17,True,True,34,34
noise,1.0,200054,17,True,True,34,34
noise,1.0,200055,17,True,True,34,34
noise,1.0,200056,17,True,True,34,34
noise,1.0,200057,17,True,True,34,34
noise,1.0,200058,17,True,True,34,34
noise,1.0,200059,17,True,True,34,34
noise,1.0,200060,17,True,True,34,34
noise,1.0,200061,17,True,True,34,34
noise,1.0,200062,17,True,True,34,34
noise,1.0,200063,17,True,False,34,34
noise,1.0,200064,17,True,True,34,34
noise,1.0,200065,17,True,True,34,34
noise,1.0,200066,17,True,True,34,34
noise,1.0,200067,17,True,True,34,34
noise,1.0,200068,17,True,True,34,34
noise,1.0,200069,17,True,True,34,34
noise,1.0,200070,17,True,True,34,34
noise,1.0,200071,17,True,False,34,34
noise,1.0,200072,17,True,True,34,34
noise,1.0,200073,17,True,False,34,34
noise,1.0,200074,17,True,True,34,34
noise,1.0,200075,17,True,True,34,34
noise,1.0,200076,17,True,True,34,34
noise,1.0,200077,17,True,True,34,34
noise,1.0,200078,17,True,True,34,34
noise,1.0,200079,17,True,True,34,34
noise,1.0,200080,17,True,False,34,34
noise,1.0,200081,17,True,True,34,34
noise,1.0,200082,17,True,True,34,34
noise,1.0,200083,17,True,True,34,34
noise,1.0,200084,17,True,True,34,34
noise,1.0,200085,17,True,True,34,34
noise,1.0,200086,17,True,True,34,34
noise,1.0,200087,17,True,True,34,34
noise,1.0,200088,17,True,True,34,34
noise,1.0,200089,17,True,True,34,34
noise,1.0,200090,17,True,True,34,34
noise,1.0,200091,17,True,True,34,34
noise,1.0,200092,17,True,False,34,34
noise,1.0,200093,17,True,True,34,34
noise,1.0,200094,17,True,True,34,34
noise,1.0,200095,17,True,True,34,34
noise,1.0,200096,17,True,False,34,34
noise,1.0,200097,17,True,True,34,34
noise,1.0,200098,17,True,True,34,34
noise,1.0,200099,17,True,True,34,34
noise,2.0,200000,17,True,True,34,34
noise,2.0,200001,17,True,False,34,34
noise,2.0,200002,17,True,True,34,34
noise,2.0,200003,17,True,True,34,34
noise,2.0,200004,17,True,True,34,34
noise,2.0,200005,17,True,True,34,34
noise,2.0,200006,17,True,True,34,34
noise,2.0,200007,17,True,True,34,34
noise,2.0,200008,17,True,True,34,34
noise,2.0,200009,17,True,True,34,34
noise,2.0,200010,17,True,True,34,34
noise,2.0,200011,17,True,True,34,34
noise,2.0,200012,17,True,False,34,34
noise,2.0,200013,17,True,False,34,34
noise,2.0,200014,17,True,False,34,34
noise,2.0,200015,17,True,False,34,34
noise,2.0,200016,17,True,True,34,34
noise,2.0,200017,17,True,True,34,34
noise,2.0,200018,17,True,False,34,34
noise,2.0,200019,17,True,False,34,34
noise,2.0,200020,17,True,True,34,34
noise,2.0,200021,17,True,False,34,34
noise,2.0,200022,17,True,True,34,34
noise,2.0,200023,17,True,True,34,34
noise,2.0,200024,17,True,True,34,34
noise,2.0,200025,17,True,True,34,34
noise,2.0,200026,17,True,False,34,34
noise,2.0,200027,17,True,True,34,34
noise,2.0,200028,17,True,False,34,34
noise,2.0,200029,17,True,False,34,34
noise,2.0,200030,17,True,False,34,34
noise,2.0,200031,17,True,True,34,34
noise,2.0,200032,17,True,True,34,34
noise,2.0,200033,17,True,True,34,34
noise,2.0,200034,17,True,False,34,34
noise,2.0,200035,17,True,True,34,34
noise,2.0,200036,17,True,False,34,34
noise,2.0,200037,17,True,False,34,34
noise,2.0,200038,17,True,True,34,34
noise,2.0,200039,17,True,False,34,34
noise,2.0,200040,17,True,True,34,34
noise,2.0,200041,17,True,True,34,34
noise,2.0,200042,17,True,True,34,34
noise,2.0,200043,17,True,True,34,34
noise,2.0,200044,17,True,True,34,34
noise,2.0,200045,17,True,True,34,34
noise,2.0,200046,17,True,False,34,34
noise,2.0,200047,17,True,True,34,34
noise,2.0,200048,17,True,True,34,34
noise,2.0,200049,17,True,True,34,34
noise,2.0,200050,17,True,False,34,34
noise,2.0,200051,17,True,True,34,34
noise,2.0,200052,17,True,False,34,34
noise,2.0,200053,17,True,False,34,34
noise,2.0,200054,17,True,True,34,34
noise,2.0,200055,17,True,True,34,34
noise,2.0,200056,17,True,False,34,34
noise,2.0,200057,17,True,True,34,34
noise,2.0,200058,17,True,True,34,34
noise,2.0,200059,17,True,False,34,34
noise,2.0,200060,17,True,True,34,34
noise,2.0,200061,17,True,True,34,34
noise,2.0,200062,17,True,True,34,34
noise,2.0,200063,17,True,False,34,34
noise,2.0,200064,17,True,True,34,34
noise,2.0,200065,17,True,True,34,34
noise,2.0,200066,17,True,True,34,34
noise,2.0,200067,17,True,True,34,34
noise,2.0,200068,17,True,True,34,34
noise,2.0,200069,17,True,False,34,34
noise,2.0,200070,17,True,True,34,34
noise,2.0,200071,17,True,False,34,34
noise,2.0,200072,17,True,True,34,34
noise,2.0,200073,17,True,False,34,34
noise,2.0,200074,17,True,True,34,34
noise,2.0,200075,17,True,True,34,34
noise,2.0,200076,17,True,False,34,34
noise,2.0,200077,17,True,False,34,34
noise,2.0,200078,17,True,False,34,34
noise,2.0,200079,17,True,True,34,34
noise,2.0,200080,17,True,False,34,34
noise,2.0,200081,17,True,True,34,34
noise,2.0,200082,17,True,False,34,34
noise,2.0,200083,17,True,True,34,34
noise,2.0,200084,17,True,True,34,34
noise,2.0,200085,17,True,True,34,34
noise,2.0,200086,17,True,True,34,34
noise,2.0,200087,17,True,True,34,34
noise,2.0,200088,17,True,True,34,34
noise,2.0,200089,17,True,True,34,34
noise,2.0,200090,17,True,True,34,34
noise,2.0,200091,17,True,True,34,34
noise,2.0,200092,17,True,False,34,34
noise,2.0,200093,17,True,True,34,34
noise,2.0,200094,17,True,True,34,34
noise,2.0,200095,17,True,True,34,34
noise,2.0,200096,17,True,False,34,34
noise,2.0,200097,17,True,True,34,34
noise,2.0,200098,17,True,True,34,34
noise,2.0,200099,17,True,True,34,34
