agent,scenario,maps,success_rate,success_ci95_low,success_ci95_high,mean_reward,steps_to_success,mean_invalid_actions,mean_repeated_visits,mean_immediate_backtracks,mean_keys_per_step
no_memory,unseen_same_size,50,0.0,0.0,0.07135003417431873,-2.0587999999999993,,0.0,93.9,93.64,0.005416666666666666
no_memory,6x6,50,0.0,0.0,0.07135003417431873,-2.4475999999999978,,0.0,94.26,94.18,0.0022916666666666667
no_memory,8x8,50,0.0,0.0,0.07135003417431873,-2.288399999999998,,0.0,93.8,93.72,0.003125
no_memory,more_keys,50,0.0,0.0,0.07135003417431873,0.2028000000000041,,0.0,91.82,90.86,0.02354166666666667
no_memory,unreliable_clues,50,0.0,0.0,0.07135003417431873,-2.0587999999999993,,0.0,93.9,93.64,0.005416666666666666
history,unseen_same_size,50,0.08,0.031549003255790686,0.18838502545063704,-0.7781999999999997,6.0,0.0,82.16,81.8,0.025130952380952386
history,6x6,50,0.02,0.0035391680889764604,0.10495686471836953,-1.9391999999999987,8.0,0.0,91.48,91.34,0.0060416666666666665
history,8x8,50,0.0,0.0,0.07135003417431873,-2.114799999999999,,0.0,92.8,92.64,0.0035416666666666665
history,more_keys,50,0.0,0.0,0.07135003417431873,0.3272000000000034,,0.0,89.8,88.98,0.030208333333333334
history,unreliable_clues,50,0.08,0.031549003255790686,0.18838502545063704,-0.7781999999999997,6.0,0.0,82.16,81.8,0.025130952380952386
gru,unseen_same_size,50,0.02,0.0035391680889764604,0.10495686471836953,-1.7697999999999987,7.0,0.0,89.88,89.58,0.01077380952380952
gru,6x6,50,0.0,0.0,0.07135003417431873,-2.3507999999999982,,0.0,93.96,93.84,0.002708333333333333
gru,8x8,50,0.0,0.0,0.07135003417431873,-2.2615999999999983,,0.0,93.58,93.48,0.003125
gru,more_keys,50,0.0,0.0,0.07135003417431873,0.4896000000000029,,0.0,91.22,90.22,0.024999999999999994
gru,unreliable_clues,50,0.02,0.0035391680889764604,0.10495686471836953,-1.7697999999999987,7.0,0.0,89.88,89.58,0.01077380952380952
