agent,detour_edges,dependency_decisions,maps,success_rate,success_ci95_low,success_ci95_high,mean_reward,steps_to_success,mean_invalid_actions,mean_repeated_visits,mean_immediate_backtracks,mean_keys_per_step
no_memory,2,7,100,0.57,0.4721521169586435,0.6626686099947162,6.560000000000001,8.0,0.0,2.0,0.0,0.125
no_memory,4,11,100,0.57,0.4721521169586435,0.6626686099947162,6.72,12.0,0.0,4.0,0.0,0.08333333333333336
no_memory,8,19,100,0.57,0.4721521169586435,0.6626686099947162,7.040000000000003,20.0,0.0,8.0,0.0,0.04999999999999999
no_memory,15,33,100,0.57,0.4721521169586435,0.6626686099947162,7.600000000000003,34.0,0.0,15.0,0.0,0.02941176470588235
no_memory,25,53,100,0.57,0.4721521169586435,0.6626686099947162,8.400000000000007,54.0,0.0,25.0,0.0,0.01851851851851852
no_memory,30,63,100,0.57,0.4721521169586435,0.6626686099947162,8.800000000000008,64.0,0.0,30.0,0.0,0.015625
history,2,7,100,0.57,0.4721521169586435,0.6626686099947162,6.560000000000001,8.0,0.0,2.0,0.0,0.125
history,4,11,100,0.57,0.4721521169586435,0.6626686099947162,6.72,12.0,0.0,4.0,0.0,0.08333333333333336
history,8,19,100,0.57,0.4721521169586435,0.6626686099947162,7.040000000000003,20.0,0.0,8.0,0.0,0.04999999999999999
history,15,33,100,0.57,0.4721521169586435,0.6626686099947162,7.600000000000003,34.0,0.0,15.0,0.0,0.02941176470588235
history,25,53,100,0.57,0.4721521169586435,0.6626686099947162,8.400000000000007,54.0,0.0,25.0,0.0,0.01851851851851852
history,30,63,100,0.57,0.4721521169586435,0.6626686099947162,8.800000000000008,64.0,0.0,30.0,0.0,0.015625
gru,2,7,100,1.0,0.9630051925239981,0.9999999999999999,11.720000000000002,8.0,0.0,2.0,0.0,0.125
gru,4,11,100,1.0,0.9630051925239981,0.9999999999999999,11.880000000000003,12.0,0.0,4.0,0.0,0.08333333333333336
gru,8,19,100,1.0,0.9630051925239981,0.9999999999999999,12.200000000000003,20.0,0.0,8.0,0.0,0.04999999999999999
gru,15,33,100,1.0,0.9630051925239981,0.9999999999999999,12.760000000000002,34.0,0.0,15.0,0.0,0.02941176470588235
gru,25,53,100,1.0,0.9630051925239981,0.9999999999999999,13.560000000000002,54.0,0.0,25.0,0.0,0.01851851851851852
gru,30,63,100,1.0,0.9630051925239981,0.9999999999999999,13.960000000000006,64.0,0.0,30.0,0.0,0.015625
