seed,success,reward,steps,steps_to_success,invalid_actions,repeated_visits,immediate_backtracks,keys_collected,keys_per_step,first_key_step
200000,True,11.88,12,12,0,4,0,1,0.08333333333333333,5
200001,True,11.88,12,12,0,4,0,1,0.08333333333333333,5
200002,True,11.88,12,12,0,4,0,1,0.08333333333333333,5
200003,True,11.88,12,12,0,4,0,1,0.08333333333333333,5
200004,True,11.88,12,12,0,4,0,1,0.08333333333333333,5
200005,True,11.88,12,12,0,4,0,1,0.08333333333333333,5
200006,True,11.88,12,12,0,4,0,1,0.08333333333333333,5
200007,True,11.88,12,12,0,4,0,1,0.08333333333333333,5
200008,True,11.88,12,12,0,4,0,1,0.08333333333333333,5
200009,True,11.88,12,12,0,4,0,1,0.08333333333333333,5
200010,True,11.88,12,12,0,4,0,1,0.08333333333333333,5
200011,True,11.88,12,12,0,4,0,1,0.08333333333333333,5
200012,True,11.88,12,12,0,4,0,1,0.08333333333333333,5
200013,True,11.88,12,12,0,4,0,1,0.08333333333333333,5
200014,True,11.88,12,12,0,4,0,1,0.08333333333333333,5
200015,True,11.88,12,12,0,4,0,1,0.08333333333333333,5
200016,True,11.88,12,12,0,4,0,1,0.08333333333333333,5
200017,True,11.88,12,12,0,4,0,1,0.08333333333333333,5
200018,True,11.88,12,12,0,4,0,1,0.08333333333333333,5
200019,True,11.88,12,12,0,4,0,1,0.08333333333333333,5
200020,True,11.88,12,12,0,4,0,1,0.08333333333333333,5
200021,True,11.88,12,12,0,4,0,1,0.08333333333333333,5
200022,True,11.88,12,12,0,4,0,1,0.08333333333333333,5
200023,True,11.88,12,12,0,4,0,1,0.08333333333333333,5
200024,True,11.88,12,12,0,4,0,1,0.08333333333333333,5
200025,True,11.88,12,12,0,4,0,1,0.08333333333333333,5
200026,True,11.88,12,12,0,4,0,1,0.08333333333333333,5
200027,True,11.88,12,12,0,4,0,1,0.08333333333333333,5
200028,True,11.88,12,12,0,4,0,1,0.08333333333333333,5
200029,True,11.88,12,12,0,4,0,1,0.08333333333333333,5
200030,True,11.88,12,12,0,4,0,1,0.08333333333333333,5
200031,True,11.88,12,12,0,4,0,1,0.08333333333333333,5
200032,True,11.88,12,12,0,4,0,1,0.08333333333333333,5
200033,True,11.88,12,12,0,4,0,1,0.08333333333333333,5
200034,True,11.88,12,12,0,4,0,1,0.08333333333333333,5
200035,True,11.88,12,12,0,4,0,1,0.08333333333333333,5
200036,True,11.88,12,12,0,4,0,1,0.08333333333333333,5
200037,True,11.88,12,12,0,4,0,1,0.08333333333333333,5
200038,True,11.88,12,12,0,4,0,1,0.08333333333333333,5
200039,True,11.88,12,12,0,4,0,1,0.08333333333333333,5
200040,True,11.88,12,12,0,4,0,1,0.08333333333333333,5
200041,True,11.88,12,12,0,4,0,1,0.08333333333333333,5
200042,True,11.88,12,12,0,4,0,1,0.08333333333333333,5
200043,True,11.88,12,12,0,4,0,1,0.08333333333333333,5
200044,True,11.88,12,12,0,4,0,1,0.08333333333333333,5
200045,True,11.88,12,12,0,4,0,1,0.08333333333333333,5
200046,True,11.88,12,12,0,4,0,1,0.08333333333333333,5
200047,True,11.88,12,12,0,4,0,1,0.08333333333333333,5
200048,True,11.88,12,12,0,4,0,1,0.08333333333333333,5
200049,True,11.88,12,12,0,4,0,1,0.08333333333333333,5
200050,True,11.88,12,12,0,4,0,1,0.08333333333333333,5
200051,True,11.88,12,12,0,4,0,1,0.08333333333333333,5
200052,True,11.88,12,12,0,4,0,1,0.08333333333333333,5
200053,True,11.88,12,12,0,4,0,1,0.08333333333333333,5
200054,True,11.88,12,12,0,4,0,1,0.08333333333333333,5
200055,True,11.88,12,12,0,4,0,1,0.08333333333333333,5
200056,True,11.88,12,12,0,4,0,1,0.08333333333333333,5
200057,True,11.88,12,12,0,4,0,1,0.08333333333333333,5
200058,True,11.88,12,12,0,4,0,1,0.08333333333333333,5
200059,True,11.88,12,12,0,4,0,1,0.08333333333333333,5
200060,True,11.88,12,12,0,4,0,1,0.08333333333333333,5
200061,True,11.88,12,12,0,4,0,1,0.08333333333333333,5
200062,True,11.88,12,12,0,4,0,1,0.08333333333333333,5
200063,True,11.88,12,12,0,4,0,1,0.08333333333333333,5
200064,True,11.88,12,12,0,4,0,1,0.08333333333333333,5
200065,True,11.88,12,12,0,4,0,1,0.08333333333333333,5
200066,True,11.88,12,12,0,4,0,1,0.08333333333333333,5
200067,True,11.88,12,12,0,4,0,1,0.08333333333333333,5
200068,True,11.88,12,12,0,4,0,1,0.08333333333333333,5
200069,True,11.88,12,12,0,4,0,1,0.08333333333333333,5
200070,True,11.88,12,12,0,4,0,1,0.08333333333333333,5
200071,True,11.88,12,12,0,4,0,1,0.08333333333333333,5
200072,True,11.88,12,12,0,4,0,1,0.08333333333333333,5
200073,True,11.88,12,12,0,4,0,1,0.08333333333333333,5
200074,True,11.88,12,12,0,4,0,1,0.08333333333333333,5
200075,True,11.88,12,12,0,4,0,1,0.08333333333333333,5
200076,True,11.88,12,12,0,4,0,1,0.08333333333333333,5
200077,True,11.88,12,12,0,4,0,1,0.08333333333333333,5
200078,True,11.88,12,12,0,4,0,1,0.08333333333333333,5
200079,True,11.88,12,12,0,4,0,1,0.08333333333333333,5
200080,True,11.88,12,12,0,4,0,1,0.08333333333333333,5
200081,True,11.88,12,12,0,4,0,1,0.08333333333333333,5
200082,True,11.88,12,12,0,4,0,1,0.08333333333333333,5
200083,True,11.88,12,12,0,4,0,1,0.08333333333333333,5
200084,True,11.88,12,12,0,4,0,1,0.08333333333333333,5
200085,True,11.88,12,12,0,4,0,1,0.08333333333333333,5
200086,True,11.88,12,12,0,4,0,1,0.08333333333333333,5
200087,True,11.88,12,12,0,4,0,1,0.08333333333333333,5
200088,True,11.88,12,12,0,4,0,1,0.08333333333333333,5
200089,True,11.88,12,12,0,4,0,1,0.08333333333333333,5
200090,True,11.88,12,12,0,4,0,1,0.08333333333333333,5
200091,True,11.88,12,12,0,4,0,1,0.08333333333333333,5
200092,True,11.88,12,12,0,4,0,1,0.08333333333333333,5
200093,True,11.88,12,12,0,4,0,1,0.08333333333333333,5
200094,True,11.88,12,12,0,4,0,1,0.08333333333333333,5
200095,True,11.88,12,12,0,4,0,1,0.08333333333333333,5
200096,True,11.88,12,12,0,4,0,1,0.08333333333333333,5
200097,True,11.88,12,12,0,4,0,1,0.08333333333333333,5
200098,True,11.88,12,12,0,4,0,1,0.08333333333333333,5
200099,True,11.88,12,12,0,4,0,1,0.08333333333333333,5
