loss,policy_loss,value_loss,entropy,gradient_norm,approx_kl,update,timesteps,reward,success,dependency
2.761817693710327,-0.0005358179332688451,5.538163185119629,0.6728076338768005,1.1890127658843994,1.980568777071312e-05,1,1122,4.5112499999999995,0.4375,8
2.544374942779541,-0.0004402190388645977,5.103226661682129,0.6798306703567505,0.7319101095199585,1.3579335245594848e-05,2,708,2.605,0.25,8
2.5229249000549316,-0.00024099950678646564,5.060427188873291,0.7047646045684814,1.3259036540985107,1.3181916074245237e-05,3,1110,4.645,0.4375,8
3.1521682739257812,-0.00027686665998771787,6.319023609161377,0.7066609263420105,1.5356215238571167,1.3313803719938733e-05,4,757,4.039375,0.375,8
2.0210373401641846,-0.00017486995784565806,4.055916786193848,0.674630343914032,0.2153252512216568,3.812995055341162e-05,5,900,2.2199999999999998,0.25,8
1.662611961364746,-0.0006024314789101481,3.339538812637329,0.6554965376853943,0.2425081431865692,5.781662184745073e-05,6,1017,2.4243749999999995,0.25,8
3.220400333404541,0.00021219362679403275,6.453775405883789,0.6699593663215637,2.986050844192505,8.768519182922319e-05,7,873,5.388125,0.5,8
2.4108340740203857,-0.0006464619073085487,4.8362135887146,0.6626249551773071,1.068888783454895,0.0001301648298976943,8,959,4.5493749999999995,0.4375,8
2.3775689601898193,-0.0014244889607653022,4.771573543548584,0.6793196797370911,2.187690019607544,0.00014163495507091284,9,803,2.3831249999999997,0.25,8
3.098010540008545,-0.000268274248810485,6.210677146911621,0.7059736847877502,1.361553430557251,0.00015973612607922405,10,876,5.05125,0.5,8
2.805464506149292,0.0006419591954909265,5.623294830322266,0.6825041770935059,2.0700831413269043,0.0001525466504972428,11,855,6.135625,0.5625,8
2.8310859203338623,-0.001706044771708548,5.678686141967773,0.6550952792167664,0.43215814232826233,0.00041053013410419226,12,752,4.7325,0.4375,8
2.103933334350586,-0.000692394154611975,4.222171783447266,0.6460199952125549,1.5344047546386719,0.0003895965055562556,13,933,3.9231249999999993,0.375,8
3.659870147705078,-0.0006275906343944371,7.33363151550293,0.6318017244338989,3.231736183166504,0.000234760285820812,14,706,6.91625,0.625,8
1.7367613315582275,-5.4553020163439214e-05,3.4857897758483887,0.6078928112983704,3.6100709438323975,8.888072625268251e-05,15,1037,2.260624999999999,0.25,8
1.2642028331756592,-0.0005723614012822509,2.541391611099243,0.5920600891113281,3.1652979850769043,6.50146248517558e-05,16,1125,1.7431249999999996,0.1875,8
2.472838878631592,-0.00033480118145234883,4.959456443786621,0.6554499864578247,2.78368878364563,7.72835555835627e-05,17,729,2.511875,0.25,8
1.6997098922729492,-0.0004795542627107352,3.4125514030456543,0.6086199283599854,0.5653842687606812,0.00010479099728399888,18,1047,2.9681249999999997,0.3125,8
1.6684340238571167,-0.0013764726463705301,3.3520889282226562,0.6233914494514465,0.6447713971138,0.0003099371970165521,19,934,2.5699999999999994,0.25,8
1.7708810567855835,-0.0009202209766954184,3.5563268661499023,0.6362147927284241,0.6127040386199951,0.0003751118783839047,20,919,2.4893749999999994,0.25,8
1.1771291494369507,-0.0008214901899918914,2.3691725730895996,0.6635646224021912,0.405197411775589,0.00036025926237925887,21,1104,1.6999999999999995,0.1875,8
3.266594171524048,-0.0008097590180113912,6.548299789428711,0.6746063232421875,3.9218387603759766,0.0002129768399754539,22,991,6.755625,0.625,8
4.205995082855225,-0.0002004407870117575,8.425724983215332,0.6667312383651733,3.6661336421966553,7.011062552919611e-05,23,699,6.074375,0.5625,8
2.4690895080566406,-0.0008462172700092196,4.9532270431518555,0.6677838563919067,0.428387314081192,8.53615056257695e-05,24,814,3.07125,0.3125,8
2.5171642303466797,-0.00018050566723104566,5.048086166381836,0.669830322265625,1.4137462377548218,0.00014570231724064797,25,920,4.688749999999999,0.4375,8
2.9361369609832764,0.0003747219452634454,5.8849005699157715,0.6688045859336853,1.5188353061676025,9.314624185208231e-05,26,814,4.688749999999999,0.4375,8
2.554640531539917,-0.000712615845259279,5.124184608459473,0.6739169955253601,0.8597043752670288,5.2842275181319565e-05,27,800,3.1324999999999994,0.3125,8
2.369464159011841,-0.00023283222981262952,4.7525553703308105,0.6580628752708435,0.7151699066162109,9.318783122580498e-05,28,998,3.5212499999999993,0.375,8
2.6985151767730713,-0.0009304002160206437,5.412040710449219,0.6574963927268982,0.4410070478916168,9.734587365528569e-05,29,729,3.098125,0.3125,8
3.040060520172119,-0.0003925851488020271,6.094707012176514,0.6900225281715393,2.842090606689453,0.0001624566939426586,30,914,5.97875,0.5625,8
4.6989359855651855,-0.0008077858365140855,9.413335800170898,0.6924115419387817,5.934340476989746,0.00014238784206099808,31,724,8.3775,0.75,8
2.6285629272460938,-0.00026033149333670735,5.271875858306885,0.711457371711731,0.3906101584434509,0.0001081281152437441,32,839,3.9156249999999995,0.375,8
2.4025306701660156,-0.0008134430390782654,4.819887638092041,0.6599775552749634,0.4940892457962036,0.00017707061488181353,33,863,3.9743749999999993,0.375,8
3.1704905033111572,-0.0008102022111415863,6.356356143951416,0.6877418160438538,1.8356153964996338,0.00025525345699861646,34,870,5.92875,0.5625,8
2.851654529571533,-0.0008009037119336426,5.718456268310547,0.6772817373275757,2.490246057510376,0.00026656960835680366,35,783,6.340624999999999,0.5625,8
3.064718246459961,-0.0021632628049701452,6.147255897521973,0.6746436953544617,0.5799599289894104,0.00015545860514976084,36,741,5.494375,0.5,8
1.886316180229187,0.0005254095303826034,3.784322738647461,0.6370503306388855,1.2440754175186157,0.00015935661213006824,37,895,3.3518749999999997,0.3125,8
2.7339179515838623,0.00021862216817680746,5.480560302734375,0.6580755710601807,0.7879558801651001,0.00011236004502279684,38,777,5.498125,0.5,8
3.338127851486206,-0.0005030003376305103,6.690360069274902,0.6549206376075745,0.3137786090373993,7.503339293180034e-05,39,774,5.22875,0.5,8
2.1237142086029053,0.0006152552668936551,4.258701324462891,0.6251784563064575,3.9542813301086426,0.00011181987065356225,40,955,2.9068749999999994,0.3125,8
2.039489507675171,-0.0013699093833565712,4.095366477966309,0.6823822855949402,0.6544237732887268,0.00011479412933113053,41,938,4.788749999999999,0.4375,8
3.3529586791992188,-0.00010338507127016783,6.720025539398193,0.6950648427009583,0.3611876666545868,0.00029907512362115085,42,619,4.8568750000000005,0.4375,8
4.404597759246826,-0.0009217618498951197,8.82469367980957,0.6827250123023987,3.1474626064300537,0.0002314731536898762,43,562,6.9174999999999995,0.625,8
2.121387481689453,-0.000571804353967309,4.257065773010254,0.6573626399040222,0.6914236545562744,0.00019249218166805804,44,965,6.170625,0.5625,8
3.4197635650634766,-0.0014426036505028605,6.855875015258789,0.6731290221214294,1.6158514022827148,0.00014077738160267472,45,746,5.30875,0.5,8
3.7458157539367676,-0.0009230211726389825,7.506309509277344,0.6415975093841553,1.128843903541565,0.00021635361190419644,46,591,5.479374999999999,0.5,8
4.489367961883545,0.00033180814352817833,8.990650177001953,0.6288995146751404,5.575042724609375,0.00021793131600134075,47,568,3.9675000000000002,0.375,8
2.3348255157470703,7.007722888374701e-05,4.682769775390625,0.6629412174224854,6.116844654083252,0.00014609623758587986,48,829,1.683125,0.1875,8
3.2258431911468506,-0.0003017953713424504,6.465834617614746,0.6772333979606628,3.7536375522613525,6.579912587767467e-05,49,650,3.1875,0.3125,8
3.312779664993286,-0.0001642725255805999,6.638846397399902,0.6479231119155884,2.3249263763427734,4.615946454578079e-05,50,674,3.8874999999999997,0.375,8
2.9559030532836914,-0.0003057520661968738,5.925661087036133,0.6621918678283691,2.170318365097046,1.9935972886742093e-05,51,887,6.551875000000001,0.625,8
2.7461302280426025,-0.00028832239331677556,5.505955696105957,0.6559255719184875,3.6755852699279785,2.0286388462409377e-05,52,802,3.02875,0.3125,8
4.793825626373291,0.00012797593080904335,9.600387573242188,0.6496046781539917,6.97227668762207,1.697656261967495e-05,53,576,7.668750000000001,0.6875,8
4.397436618804932,-0.0003234361356589943,8.808855056762695,0.666784405708313,4.3346781730651855,1.979068292712327e-05,54,553,6.949375,0.625,8
4.71803092956543,-0.0013442347990348935,9.452342987060547,0.6796531081199646,0.5564634203910828,5.054042412666604e-05,55,511,5.509375,0.5,8
2.0640358924865723,-0.00026747811352834105,4.141942501068115,0.666777491569519,7.744980812072754,0.00021749669394921511,56,866,0.03624999999999978,0.0625,8
5.058974742889404,-0.0021431136410683393,10.135865211486816,0.6814811825752258,2.1433427333831787,0.0002099997509503737,57,469,5.533125,0.5,8
3.3544070720672607,-0.0009693856118246913,6.724469184875488,0.6858190894126892,0.4918890595436096,0.00023381052596960217,58,706,4.49125,0.4375,8
3.288451910018921,0.0003422467561904341,6.589605808258057,0.6693127751350403,0.3609847128391266,0.00014698307495564222,59,725,4.615625,0.4375,8
3.1900923252105713,-0.00032663214369677007,6.394240856170654,0.6701560616493225,3.496441602706909,7.400320464512333e-05,60,731,6.388124999999999,0.5625,8
2.9465487003326416,-0.0027869499754160643,5.91267204284668,0.7000519633293152,0.3104263246059418,0.00029196919058449566,61,760,4.71875,0.4375,8
2.967069625854492,0.0007168120355345309,5.94561767578125,0.6456196904182434,1.6556047201156616,0.0005225703353062272,62,690,3.25625,0.3125,8
1.4076409339904785,0.0003734226047527045,2.82718825340271,0.632659912109375,1.9471940994262695,0.00020437808416318148,63,1065,2.4418749999999996,0.25,8
2.6987032890319824,0.00019955662719439715,5.409573554992676,0.6283057332038879,2.3092119693756104,7.25776408216916e-05,64,879,5.953125,0.5625,8
2.78119158744812,-0.0006740841781720519,5.575957775115967,0.6113197803497314,2.3919191360473633,4.444150181370787e-05,65,688,3.35375,0.3125,8
3.602281332015991,-0.0007760751759633422,7.219213962554932,0.6549566984176636,1.5753310918807983,4.0121449274010956e-05,66,515,3.3206249999999997,0.3125,8
3.230692148208618,-0.0003843137819785625,6.474349021911621,0.6098129749298096,1.6331506967544556,4.946708577335812e-05,67,731,5.533125,0.5,8
4.5994486808776855,8.01562491687946e-05,9.211880683898926,0.6571633219718933,5.549604892730713,8.480156975565478e-05,68,621,6.859375,0.625,8
2.758589744567871,-6.318625673884526e-05,5.5298261642456055,0.6260159611701965,9.10481071472168,4.498078487813473e-05,69,581,0.181875,0.0625,8
3.2421059608459473,8.695597352925688e-05,6.495762348175049,0.5862342715263367,5.027465343475342,2.1324098270270042e-05,70,778,6.94,0.625,8
3.6162314414978027,-0.00010638046660460532,7.245198726654053,0.6261616349220276,3.0568175315856934,3.3345408155582845e-05,71,677,5.546875,0.5,8
2.327054977416992,-0.0007610520697198808,4.667852401733398,0.6110296845436096,0.34569621086120605,8.277256711153314e-05,72,908,4.51,0.4375,8
2.600088357925415,2.3103104467736557e-05,5.21229887008667,0.6084142327308655,1.7721259593963623,0.00014680734602734447,73,832,4.5175,0.4375,8
2.624253273010254,-0.0005035406211391091,5.261934757232666,0.6210466623306274,1.0949170589447021,9.46152867982164e-05,74,820,4.677499999999999,0.4375,8
3.717216730117798,-4.866649760515429e-05,7.4476094245910645,0.6539350748062134,1.6276922225952148,9.804198634810746e-05,75,557,3.994375,0.375,8
2.6698379516601562,-0.00016231185873039067,5.352551460266113,0.6275460124015808,0.6805601119995117,4.599116073222831e-05,76,801,4.743124999999999,0.4375,8
2.510343074798584,-0.00046942231711000204,5.034224510192871,0.6299710869789124,3.5474398136138916,4.717287447419949e-05,77,929,6.913125,0.625,8
2.1015233993530273,-0.0004047619004268199,4.216845512390137,0.6494548320770264,1.6380549669265747,2.2910777261131443e-05,78,864,3.2775,0.3125,8
3.4777114391326904,-0.0006192222936078906,6.969650745391846,0.6494860649108887,5.96771764755249,1.2301927199587226e-05,79,746,7.7075,0.6875,8
2.7421863079071045,-0.0004917053738608956,5.497705936431885,0.6174973845481873,0.8994346857070923,1.863014040281996e-05,80,735,3.948124999999999,0.375,8
3.928175449371338,-0.00042187233339063823,7.869555473327637,0.6180422902107239,2.5637190341949463,1.6940097339102067e-05,81,638,6.15,0.5625,8
2.8649799823760986,-0.0009252561721950769,5.744193077087402,0.619136393070221,1.4423309564590454,3.6806024581892416e-05,82,762,3.8987499999999997,0.375,8
1.9763585329055786,-0.000834957230836153,3.966935157775879,0.6274054050445557,3.365025281906128,7.095991168171167e-05,83,715,1.948125,0.1875,8
3.455502510070801,-0.0005821363301947713,6.9245405197143555,0.61855149269104,0.3386855721473694,5.412084283307195e-05,84,676,4.6625,0.4375,8
2.242391586303711,-0.0010544238612055779,4.499792098999023,0.645001232624054,4.387547016143799,9.945574856828898e-05,85,707,1.830625,0.1875,8
4.396804332733154,0.000562949338927865,8.805023193359375,0.6270466446876526,3.9740021228790283,8.694089774508029e-05,86,515,5.704375000000001,0.5,8
3.393507719039917,-0.00030874970252625644,6.8002119064331055,0.6289571523666382,2.731390953063965,3.9046452002367005e-05,87,705,5.464374999999999,0.5,8
2.6715893745422363,-0.00014682020992040634,5.355922698974609,0.6225019097328186,0.7065415978431702,1.9283455912955105e-05,88,815,4.7056249999999995,0.4375,8
3.6724932193756104,-0.0004683382867369801,7.35906457901001,0.6570853590965271,2.265622615814209,5.564053572015837e-05,89,521,3.330625,0.3125,8
3.501516819000244,-0.00028113313601352274,7.01641845703125,0.6411401629447937,1.9223936796188354,5.5999298638198525e-05,90,608,3.99125,0.375,8
1.8333871364593506,-0.0007996188360266387,3.6812808513641357,0.6453580260276794,4.369478225708008,6.089264206821099e-05,91,775,0.9881249999999997,0.125,8
2.194289445877075,-0.0008135348907671869,4.40251350402832,0.6153842210769653,0.1586828976869583,0.0001621401752345264,92,940,3.7874999999999996,0.375,8
4.242533206939697,0.00021277181804180145,8.497477531433105,0.6418150663375854,4.964749336242676,0.0003105655196122825,93,640,6.3625,0.5625,8
2.7555956840515137,0.0002796970074996352,5.523184776306152,0.6276395320892334,1.2966629266738892,0.00011108557373518124,94,670,3.1237500000000002,0.3125,8
2.6494622230529785,-0.0004557022184599191,5.31326150894165,0.6712849736213684,2.486724376678467,0.00013727643818128854,95,854,5.5962499999999995,0.5,8
3.265772819519043,-0.0003190950083080679,6.545538425445557,0.6677303314208984,4.951847553253174,0.00011042862752219662,96,519,1.7443750000000005,0.1875,8
3.304769515991211,1.8720715161180124e-05,6.622068881988525,0.628375768661499,1.7505909204483032,4.196582085569389e-05,97,761,5.265625,0.5,8
4.106624603271484,-0.0002784825046546757,8.226774215698242,0.6484236121177673,1.9028202295303345,3.2257212296826765e-05,98,596,4.71625,0.4375,8
3.760801076889038,-0.0004925599787384272,7.53513765335083,0.6275097727775574,1.1214522123336792,6.14245145698078e-05,99,633,4.691875,0.4375,8
3.2637360095977783,-0.0011941975681111217,6.542491436004639,0.63154137134552,0.33931562304496765,7.827355875633657e-05,100,626,4.0475,0.375,8
